1e-06,0.69798,0.52883,13.39,0.32,0.74,4.315,-0.084549,1.1778,30.924,-2.304e-07,1.9121
1.0281e-06,0.69744,0.52895,13.418,0.32,0.73,4.339,-0.07278,1.1779,31.093,-2.2085e-07,1.922
1.0569e-06,0.6969,0.52909,13.447,0.32,0.72,4.3632,-0.062,1.178,31.264,-2.116e-07,1.932
1.0866e-06,0.69635,0.52924,13.475,0.31,0.71,4.3877,-0.052159,1.1781,31.437,-2.0263e-07,1.942
1.1171e-06,0.69579,0.5294,13.504,0.31,0.7,4.4124,-0.043207,1.1782,31.613,-1.9394e-07,1.9522
1.1485e-06,0.69523,0.52958,13.534,0.31,0.69,4.4375,-0.035095,1.1783,31.79,-1.8552e-07,1.9624
1.1807e-06,0.69467,0.52978,13.565,0.31,0.68,4.4628,-0.027776,1.1784,31.969,-1.7736e-07,1.9728
1.2139e-06,0.6941,0.52999,13.596,0.31,0.68,4.4884,-0.021203,1.1785,32.15,-1.6945e-07,1.9832
1.2479e-06,0.69352,0.53022,13.627,0.31,0.67,4.5144,-0.015331,1.1785,32.334,-1.618e-07,1.9937
1.283e-06,0.69294,0.53047,13.659,0.3,0.66,4.5406,-0.010117,1.1786,32.52,-1.5438e-07,2.0043
1.319e-06,0.69235,0.53071,13.69,0.3,0.65,4.5671,-0.0055174,1.1786,32.707,-1.472e-07,2.0149
1.356e-06,0.69176,0.53082,13.722,0.3,0.64,4.594,-0.0014905,1.1787,32.897,-1.4024e-07,2.0257
1.3941e-06,0.69116,0.53094,13.754,0.3,0.63,4.6211,0.0024866,1.1788,33.09,-1.335e-07,2.0365
1.4332e-06,0.69056,0.53108,13.787,0.3,0.63,4.6486,0.012207,1.179,33.284,-1.2698e-07,2.0474
1.4735e-06,0.68995,0.53124,13.819,0.3,0.62,4.6764,0.028918,1.1795,33.481,-1.2066e-07,2.0585
1.5148e-06,0.68933,0.53141,13.852,0.29,0.61,4.7044,0.05192,1.1802,33.679,-1.1455e-07,2.0695
1.5573e-06,0.68871,0.5316,13.886,0.29,0.6,4.7329,0.080519,1.181,33.881,-1.0863e-07,2.0807
1.6011e-06,0.68808,0.53181,13.919,0.29,0.6,4.7616,0.1141,1.182,34.084,-1.029e-07,2.092
1.646e-06,0.68745,0.53203,13.953,0.29,0.59,4.7907,0.15221,1.1831,34.29,-9.7351e-08,2.1033
1.6922e-06,0.68681,0.53227,13.987,0.29,0.58,4.82,0.19434,1.1843,34.498,-9.1985e-08,2.1147
1.7397e-06,0.68616,0.53249,14.021,0.29,0.58,4.8498,0.24005,1.1857,34.709,-8.6792e-08,2.1263
1.7886e-06,0.68551,0.53258,14.055,0.28,0.57,4.8798,0.28913,1.1871,34.922,-8.1767e-08,2.1378
1.8388e-06,0.68486,0.53269,14.09,0.28,0.56,4.9103,0.34121,1.1886,35.137,-7.6906e-08,2.1495
1.8904e-06,0.68419,0.53281,14.125,0.28,0.56,4.941,0.39604,1.1903,35.355,-7.2205e-08,2.1613
1.9435e-06,0.68352,0.53295,14.16,0.28,0.55,4.9721,0.45334,1.192,35.576,-6.7657e-08,2.1731
1.998e-06,0.68285,0.53311,14.195,0.28,0.54,5.0036,0.51289,1.1937,35.799,-6.3259e-08,2.185
2.0541e-06,0.68216,0.53329,14.231,0.28,0.54,5.0354,0.57454,1.1956,36.024,-5.9007e-08,2.197
2.1118e-06,0.68148,0.53348,14.267,0.28,0.53,5.0675,0.63807,1.1975,36.252,-5.4895e-08,2.209
2.1711e-06,0.68078,0.5337,14.303,0.27,0.53,5.1001,0.70318,1.1995,36.483,-5.0921e-08,2.2212
2.232e-06,0.68008,0.53393,14.34,0.27,0.52,5.133,0.77024,1.2016,36.716,-4.708e-08,2.2334
2.2947e-06,0.67937,0.53412,14.377,0.27,0.52,5.1662,0.83843,1.2037,36.952,-4.3367e-08,2.2457
2.3591e-06,0.67866,0.53419,14.413,0.27,0.51,5.1999,0.9083,1.2059,37.191,-3.978e-08,2.258
2.4253e-06,0.67794,0.53428,14.451,0.27,0.51,5.2339,0.97905,1.2081,37.432,-3.6314e-08,2.2705
2.4934e-06,0.67721,0.53438,14.489,0.27,0.5,5.2683,1.051,1.2104,37.676,-3.2966e-08,2.283
2.5634e-06,0.67648,0.5345,14.528,0.27,0.5,5.3031,1.1243,1.2128,37.923,-2.9733e-08,2.2956
2.6354e-06,0.67574,0.53465,14.568,0.26,0.49,5.3383,1.1984,1.2152,38.172,-2.661e-08,2.3082
2.7094e-06,0.675,0.53481,14.608,0.26,0.49,5.3738,1.2732,1.2176,38.425,-2.3596e-08,2.3209
2.7854e-06,0.67424,0.53499,14.649,0.26,0.48,5.4098,1.3489,1.2202,38.68,-2.0685e-08,2.3337
2.8636e-06,0.67348,0.53519,14.689,0.26,0.48,5.4462,1.4252,1.2227,38.938,-1.7877e-08,2.3465
2.944e-06,0.67272,0.53541,14.73,0.26,0.47,5.4829,1.5022,1.2253,39.199,-1.5166e-08,2.3594
3.0266e-06,0.67195,0.53556,14.771,0.26,0.47,5.5201,1.5799,1.228,39.463,-1.2552e-08,2.3724
3.1116e-06,0.67117,0.5356,14.813,0.26,0.47,5.5577,1.658,1.2307,39.73,-1.0029e-08,2.3854
3.199e-06,0.67038,0.53566,14.855,0.25,0.46,5.5957,1.7366,1.2334,40,-7.5968e-09,2.3985
3.2888e-06,0.66959,0.53574,14.897,0.25,0.46,5.6342,1.8154,1.2362,40.273,-5.2515e-09,2.4117
3.3811e-06,0.66879,0.53584,14.939,0.25,0.45,5.673,1.8945,1.2391,40.549,-2.9907e-09,2.4249
3.476e-06,0.66798,0.53596,14.981,0.25,0.45,5.7123,1.974,1.242,40.828,-8.1194e-10,2.4381
3.5736e-06,0.66717,0.5361,15.024,0.25,0.44,5.752,2.0544,1.2449,41.11,9.1618e-05,2.4514
3.6739e-06,0.66635,0.53626,15.067,0.25,0.44,5.7922,2.1348,1.2527,41.396,0.00061597,2.4648
3.7771e-06,0.66552,0.53644,15.111,0.25,0.44,5.8328,2.2148,1.2614,41.684,0.0015863,2.4782
3.8831e-06,0.66469,0.53665,15.154,0.25,0.43,5.8739,2.2949,1.2703,41.976,0.0029646,2.4916
3.9921e-06,0.66384,0.53675,15.198,0.24,0.43,5.9154,2.3763,1.2792,42.271,0.0047428,2.5051
4.1042e-06,0.663,0.53676,15.242,0.24,0.43,5.9573,2.457,1.2883,42.57,0.0068539,2.5186
4.2194e-06,0.66214,0.53679,15.287,0.24,0.42,5.9997,2.5368,1.2974,42.871,0.0093602,2.5327
4.3379e-06,0.66128,0.53685,15.332,0.24,0.42,6.0426,2.6187,1.3067,43.176,0.012177,2.5469
4.4596e-06,0.66041,0.53692,15.376,0.24,0.42,6.086,2.6994,1.316,43.485,0.015285,2.5613
4.5848e-06,0.65953,0.53701,15.422,0.24,0.41,6.1298,2.7795,1.3255,43.797,0.01866,2.5757
4.7135e-06,0.65865,0.53713,15.467,0.24,0.41,6.1741,2.8612,1.335,44.112,0.022409,2.5902
4.8459e-06,0.65775,0.53726,15.513,0.24,0.41,6.2189,2.9412,1.3446,44.431,0.026381,2.6047
4.9819e-06,0.65686,0.53742,15.561,0.23,0.4,6.2642,3.0222,1.3544,44.753,0.030463,2.6193
5.1218e-06,0.65595,0.5376,15.61,0.23,0.4,6.31,3.1028,1.3642,45.079,0.035022,2.6339
5.2655e-06,0.65504,0.53765,15.659,0.23,0.4,6.3563,3.1825,1.3742,45.408,0.039602,2.6486
5.4134e-06,0.65411,0.53762,15.708,0.23,0.39,6.4031,3.2636,1.3843,45.742,0.044545,2.6633
5.5653e-06,0.65319,0.53762,15.757,0.23,0.39,6.4504,3.3421,1.3944,46.078,0.049519,2.678
5.7216e-06,0.65225,0.53764,15.807,0.23,0.39,6.4982,3.4234,1.4047,46.419,0.054892,2.6928
5.8822e-06,0.65131,0.53768,15.857,0.23,0.38,6.5465,3.5014,1.4151,46.763,0.060097,2.7077
6.0473e-06,0.65036,0.53774,15.908,0.23,0.38,6.5954,3.5824,1.4256,47.111,0.065955,2.7225
6.2171e-06,0.6494,0.53783,15.958,0.22,0.38,6.6448,3.66,1.4362,47.463,0.071617,2.7374
6.3916e-06,0.64843,0.53794,16.009,0.22,0.37,6.6947,3.7404,1.4469,47.819,0.077556,2.7524
6.5711e-06,0.64746,0.53807,16.06,0.22,0.37,6.7451,3.8173,1.4577,48.179,0.08375,2.7673
6.7555e-06,0.64648,0.53822,16.112,0.22,0.37,6.7962,3.8973,1.4687,48.542,0.089736,2.7823
6.9452e-06,0.64549,0.53819,16.164,0.22,0.37,6.8477,3.9732,1.4797,48.91,0.096234,2.7973
7.1402e-06,0.64449,0.53813,16.216,0.22,0.36,6.8998,4.053,1.4909,49.282,0.10281,2.8123
7.3406e-06,0.64348,0.53809,16.268,0.22,0.36,6.9525,4.1285,1.5022,49.658,0.10916,2.8273
7.5467e-06,0.64247,0.53807,16.32,0.22,0.36,7.0058,4.2072,1.5136,50.038,0.11596,2.8423
7.7585e-06,0.64145,0.53808,16.373,0.22,0.35,7.0596,4.2828,1.5252,50.422,0.12297,2.8573
7.9763e-06,0.64042,0.53811,16.426,0.21,0.35,7.114,4.3599,1.5368,50.81,0.12975,2.8723
8.2003e-06,0.63939,0.53816,16.48,0.21,0.35,7.169,4.4357,1.5486,51.202,0.1365,2.8875
8.4305e-06,0.63834,0.53823,16.533,0.21,0.35,7.2245,4.5105,1.5605,51.599,0.14401,2.9037
8.6671e-06,0.63729,0.53833,16.587,0.21,0.34,7.2807,4.5869,1.5725,52,0.15127,2.92
8.9105e-06,0.63623,0.53846,16.642,0.21,0.34,7.3375,4.6589,1.5847,52.406,0.15829,2.9363
9.1606e-06,0.63517,0.53833,16.699,0.21,0.34,7.3949,4.736,1.5969,52.816,0.16559,2.9526
9.4178e-06,0.63408,0.53823,16.757,0.21,0.34,7.4529,4.8088,1.6093,53.23,0.17342,2.969
9.6822e-06,0.63298,0.53814,16.815,0.21,0.33,7.5115,4.8827,1.6219,53.649,0.18098,2.9853
9.954e-06,0.63186,0.53809,16.873,0.21,0.33,7.5707,4.9565,1.6345,54.073,0.18829,3.0017
1.0233e-05,0.63074,0.53805,16.932,0.2,0.54,7.6306,5.0262,1.6473,54.501,0.19576,3.0181
1.0521e-05,0.6296,0.53804,16.99,0.2,0.54,7.6911,5.1015,1.6603,54.934,0.20395,3.0344
1.0816e-05,0.62846,0.53806,17.05,0.2,0.55,7.7523,5.1722,1.6733,55.371,0.21188,3.0508
1.112e-05,0.62731,0.5381,17.109,0.2,0.55,7.8141,5.2431,1.6865,55.814,0.21953,3.0671
1.1432e-05,0.62615,0.53816,17.169,0.2,0.56,7.8766,5.3155,1.6998,56.261,0.22692,3.0835
1.1753e-05,0.62498,0.53817,17.229,0.2,0.56,7.9397,5.3834,1.7133,56.713,0.23532,3.0998
1.2083e-05,0.62381,0.538,17.289,0.2,0.56,8.0035,5.4551,1.7269,57.17,0.24368,3.1161
1.2422e-05,0.62262,0.53785,17.349,0.2,0.56,8.068,5.525,1.7407,57.631,0.25175,3.1324
1.2771e-05,0.62143,0.53773,17.41,0.2,0.56,8.1332,5.5902,1.7546,58.098,0.25955,3.1486
1.3129e-05,0.62022,0.53762,17.471,0.19,0.56,8.1991,5.6624,1.7686,58.57,0.26714,3.1648
1.3498e-05,0.61901,0.53755,17.532,0.19,0.56,8.2657,5.7299,1.7828,59.047,0.27601,3.1821
1.3877e-05,0.61779,0.5375,17.594,0.19,0.56,8.3329,5.7947,1.7971,59.529,0.28459,3.1999
1.4266e-05,0.61656,0.53748,17.656,0.19,0.56,8.4009,5.865,1.8115,60.017,0.29287,3.2178
1.4667e-05,0.61532,0.53748,17.718,0.19,0.56,8.4696,5.9306,1.8262,60.51,0.30087,3.2356
1.5078e-05,0.61407,0.53751,17.78,0.19,0.56,8.5391,5.9942,1.8409,61.008,0.30859,3.2535
1.5502e-05,0.61282,0.53736,17.843,0.19,0.56,8.6093,6.0629,1.8558,61.511,0.31758,3.2713
1.5937e-05,0.61155,0.53714,17.91,0.19,0.56,8.6802,6.1268,1.8709,62.02,0.32645,3.2891
1.6384e-05,0.61027,0.53694,17.976,0.19,0.55,8.7518,6.1886,1.8861,62.534,0.33502,3.3069
1.6844e-05,0.60899,0.53677,18.043,0.19,0.55,8.8243,6.256,1.9015,63.054,0.34329,3.3246
1.7317e-05,0.6077,0.53663,18.111,0.18,0.55,8.8974,6.3187,1.917,63.58,0.35127,3.3423
1.7803e-05,0.60639,0.53651,18.178,0.18,0.55,8.9714,6.3777,1.9327,64.111,0.35976,3.36
1.8303e-05,0.60508,0.53642,18.246,0.18,0.55,9.0461,6.4443,1.9486,64.648,0.369,3.3776
1.8817e-05,0.60376,0.53635,18.314,0.18,0.55,9.1217,6.506,1.9646,65.191,0.37793,3.3951
1.9345e-05,0.60243,0.53631,18.383,0.18,0.55,9.198,6.5628,1.9807,65.74,0.38655,3.4126
1.9888e-05,0.60109,0.53625,18.451,0.18,0.54,9.2751,6.6273,1.9971,66.294,0.39486,3.4306
2.0447e-05,0.59974,0.53595,18.52,0.18,0.54,9.3531,6.6885,2.0136,66.855,0.40288,3.4501
2.1021e-05,0.59838,0.53568,18.59,0.18,0.54,9.4318,6.7447,2.0302,67.422,0.41191,3.4696
2.1611e-05,0.59701,0.53543,18.659,0.18,0.54,9.5114,6.8047,2.0471,67.994,0.42129,3.489
2.2217e-05,0.59563,0.53521,18.729,0.18,0.54,9.5918,6.8658,2.0641,68.573,0.43035,3.5084
2.2841e-05,0.59424,0.53502,18.799,0.17,0.53,9.6731,6.9218,2.0812,69.159,0.43908,3.5278
2.3482e-05,0.59285,0.53486,18.869,0.17,0.53,9.7552,6.9759,2.0986,69.75,0.44751,3.5471
2.4142e-05,0.59144,0.53473,18.94,0.17,0.53,9.8382,7.0373,2.1161,70.348,0.45563,3.5664
2.4819e-05,0.59003,0.53462,19.011,0.17,0.53,9.922,7.0937,2.1338,70.952,0.46475,3.5856
2.5516e-05,0.5886,0.53454,19.082,0.17,0.53,10.007,7.145,2.1517,71.563,0.47435,3.6047
2.6232e-05,0.58716,0.53421,19.155,0.17,0.52,10.092,7.2025,2.1697,72.181,0.48361,3.6238
2.6969e-05,0.58572,0.53386,19.231,0.17,0.52,10.179,7.2597,2.188,72.805,0.49254,3.6428
2.7726e-05,0.58427,0.53354,19.307,0.17,0.52,10.266,7.3116,2.2064,73.436,0.50116,3.6618
2.8504e-05,0.5828,0.53325,19.383,0.17,0.52,10.355,7.3605,2.225,74.073,0.50945,3.6826
2.9304e-05,0.58133,0.53298,19.46,0.17,0.51,10.444,7.4189,2.2437,74.718,0.51818,3.7039
3.0127e-05,0.57985,0.53275,19.537,0.17,0.51,10.534,7.4721,2.2627,75.369,0.52808,3.7251
3.0973e-05,0.57835,0.53254,19.614,0.16,0.51,10.625,7.5201,2.2819,76.028,0.53763,3.7463
3.1842e-05,0.57685,0.53236,19.691,0.16,0.51,10.717,7.5703,2.3012,76.693,0.54684,3.7675
3.2736e-05,0.57534,0.53222,19.769,0.16,0.51,10.81,7.6253,2.3208,77.366,0.55572,3.7886
3.3655e-05,0.57382,0.53184,19.847,0.16,0.5,10.904,7.6749,2.3405,78.046,0.56428,3.8096
3.46e-05,0.57229,0.53141,19.925,0.16,0.5,10.999,7.7193,2.3604,78.733,0.57251,3.8305
3.5572e-05,0.57075,0.53101,20.004,0.16,0.5,11.095,7.77,2.3805,79.428,0.58241,3.8514
3.657e-05,0.5692,0.53064,20.083,0.16,0.5,11.192,7.8219,2.4009,80.13,0.59234,3.8722
3.7597e-05,0.56764,0.5303,20.162,0.16,0.49,11.29,7.8683,2.4214,80.839,0.60192,3.8929
3.8652e-05,0.56607,0.52999,20.241,0.16,0.49,11.389,7.9095,2.4421,81.557,0.61116,3.9154
3.9737e-05,0.56449,0.52971,20.32,0.16,0.49,11.489,7.9594,2.4631,82.282,0.62005,3.9387
4.0853e-05,0.5629,0.52946,20.4,0.16,0.49,11.59,8.0087,2.4842,83.015,0.62862,3.9621
4.2e-05,0.56131,0.52925,20.48,0.15,0.48,11.693,8.0524,2.5055,83.756,0.63733,3.9853
4.3179e-05,0.5597,0.52874,20.565,0.15,0.48,11.796,8.0907,2.5271,84.504,0.64774,4.0085
4.4391e-05,0.55808,0.52823,20.65,0.15,0.48,11.9,8.1384,2.5489,85.261,0.65778,4.0317
4.5637e-05,0.55646,0.52775,20.736,0.15,0.48,12.005,8.1854,2.5708,86.026,0.66746,4.0547
4.6918e-05,0.55482,0.5273,20.821,0.15,0.48,12.112,8.2269,2.593,86.799,0.67679,4.0777
4.8235e-05,0.55317,0.52689,20.908,0.15,0.47,12.219,8.2628,2.6154,87.581,0.68577,4.1006
4.959e-05,0.55152,0.5265,20.994,0.15,0.47,12.328,8.3063,2.6381,88.371,0.69441,4.1234
5.0982e-05,0.54986,0.52615,21.081,0.15,0.47,12.438,8.3516,2.6609,89.169,0.70388,4.1477
5.2413e-05,0.54818,0.52583,21.168,0.15,0.47,12.549,8.3912,2.684,89.976,0.71448,4.1735
5.3884e-05,0.54643,0.52541,21.255,0.15,0.46,12.661,8.4251,2.7073,90.792,0.72471,4.1992
5.5397e-05,0.54467,0.52479,21.343,0.15,0.46,12.774,8.4622,2.7308,91.616,0.73456,4.225
5.6952e-05,0.54289,0.5242,21.43,0.15,0.46,12.888,8.5062,2.7546,92.45,0.74406,4.2506
5.8551e-05,0.54111,0.52364,21.518,0.14,0.46,13.004,8.5443,2.7785,93.292,0.7532,4.2762
6.0195e-05,0.53932,0.52312,21.607,0.14,0.45,13.121,8.5766,2.8028,94.144,0.76198,4.3017
6.1885e-05,0.53751,0.52263,21.695,0.14,0.45,13.239,8.6046,2.8272,95.004,0.77222,4.3271
6.3622e-05,0.53569,0.52217,21.784,0.14,0.45,13.358,8.6477,2.8519,95.874,0.78309,4.3524
6.5408e-05,0.53386,0.52174,21.873,0.14,0.45,13.478,8.6848,2.8768,96.754,0.79358,4.3776
6.7244e-05,0.53202,0.52131,21.962,0.14,0.44,13.6,8.7159,2.902,97.642,0.80368,4.4063
6.9132e-05,0.53017,0.52057,22.057,0.14,0.44,13.723,8.741,2.9274,98.541,0.81341,4.4349
7.1073e-05,0.52831,0.51987,22.152,0.14,0.44,13.847,8.7742,2.953,99.449,0.82277,4.4635
7.3068e-05,0.52643,0.5192,22.248,0.14,0.44,13.973,8.8106,2.9789,100.37,0.83177,4.4921
7.5119e-05,0.52455,0.51856,22.343,0.14,0.43,14.1,8.8408,3.0051,101.29,0.84297,4.5206
7.7228e-05,0.52265,0.51796,22.439,0.14,0.43,14.228,8.8647,3.0315,102.23,0.85418,4.549
7.9396e-05,0.52075,0.5174,22.536,0.14,0.43,14.357,8.883,3.0581,103.18,0.865,4.5773
8.1625e-05,0.51883,0.51687,22.632,0.14,0.43,14.488,8.919,3.085,104.14,0.87542,4.6056
8.3917e-05,0.5169,0.51626,22.729,0.13,0.42,14.62,8.9485,3.1122,105.11,0.88545,4.6337
8.6272e-05,0.51496,0.51541,22.826,0.13,0.42,14.753,8.9715,3.1396,106.09,0.8951,4.6653
8.8694e-05,0.51301,0.51459,22.923,0.13,0.42,14.888,8.9881,3.1673,107.07,0.90493,4.6974
9.1184e-05,0.51105,0.51381,23.021,0.13,0.42,15.024,9.0072,3.1952,108.08,0.91697,4.7294
9.3744e-05,0.50907,0.51306,23.119,0.13,0.41,15.162,9.0361,3.2234,109.09,0.92858,4.7614
9.6376e-05,0.50709,0.51235,23.217,0.13,0.41,15.301,9.0583,3.2519,110.11,0.93979,4.7933
9.9081e-05,0.5051,0.51168,23.315,0.13,0.41,15.442,9.0737,3.2806,111.14,0.95058,4.8251
0.00010186,0.50309,0.51104,23.414,0.13,0.41,15.583,9.0825,3.3097,112.19,0.96098,4.8569
0.00010472,0.50108,0.5101,23.513,0.13,0.4,15.727,9.1014,3.339,113.24,0.97098,4.8886
0.00010766,0.49905,0.50913,23.616,0.13,0.4,15.872,9.1227,3.3685,114.31,0.98279,4.9202
0.00011068,0.49701,0.50819,23.721,0.13,0.4,16.018,9.1368,3.3984,115.39,0.9953,4.9559
0.00011379,0.49497,0.5073,23.827,0.13,0.4,16.166,9.1438,3.4285,116.48,1.0074,4.992
0.00011699,0.49291,0.50644,23.933,0.13,0.4,16.315,9.1441,3.4589,117.58,1.019,5.0281
0.00012027,0.49084,0.50562,24.039,0.13,0.39,16.466,9.1644,3.4896,118.69,1.0303,5.0641
0.00012365,0.48876,0.50484,24.145,0.13,0.39,16.618,9.177,3.5206,119.82,1.0411,5.1001
0.00012712,0.48668,0.50375,24.252,0.12,0.39,16.772,9.182,3.5518,120.96,1.0529,5.1361
0.00013069,0.48458,0.50262,24.359,0.12,0.39,16.928,9.1794,3.5834,122.11,1.0664,5.172
0.00013436,0.48247,0.50153,24.466,0.12,0.38,17.085,9.1877,3.6152,123.27,1.0794,5.2078
0.00013813,0.48036,0.50047,24.573,0.12,0.38,17.244,9.1989,3.6474,124.44,1.092,5.2435
0.00014201,0.47823,0.49946,24.681,0.12,0.38,17.404,9.2017,3.6798,125.63,1.1041,5.2834
0.00014599,0.47609,0.49849,24.789,0.12,0.38,17.566,9.1963,3.7126,126.83,1.1158,5.3244
0.00015009,0.47395,0.49747,24.897,0.12,0.37,17.73,9.2051,3.7456,128.05,1.1289,5.3654
0.0001543,0.4718,0.49614,25.006,0.12,0.37,17.895,9.2153,3.779,129.28,1.1434,5.4064
0.00015864,0.46964,0.49484,25.114,0.12,0.37,18.062,9.2163,3.8127,130.52,1.1575,5.4474
0.00016309,0.46747,0.49359,25.223,0.12,0.37,18.231,9.2209,3.8466,131.77,1.171,5.4883
0.00016767,0.46529,0.49237,25.338,0.12,0.36,18.402,9.2416,3.8809,133.04,1.1842,5.5292
0.00017237,0.4631,0.4912,25.454,0.12,0.36,18.574,9.2522,3.9155,134.32,1.1968,5.5701
0.00017721,0.4609,0.49007,25.571,0.12,0.36,18.748,9.2773,3.9505,135.62,1.2129,5.6109
0.00018219,0.45854,0.48854,25.687,0.12,0.36,18.924,9.3136,3.9857,136.93,1.2285,5.653
0.0001873,0.45616,0.48703,25.804,0.12,0.36,19.101,9.3431,4.0212,138.25,1.2437,5.7
0.00019256,0.45378,0.48555,25.921,0.12,0.35,19.28,9.4147,4.0571,139.59,1.2583,5.747
0.00019797,0.45138,0.48412,26.038,0.12,0.35,19.462,9.4747,4.0933,140.94,1.2725,5.7941
0.00020352,0.44897,0.48274,26.156,0.11,0.35,19.645,9.5709,4.1299,142.31,1.2904,5.8412
0.00020924,0.44655,0.4814,26.274,0.11,0.35,19.83,9.678,4.1667,143.69,1.3077,5.8884
0.00021511,0.44411,0.47961,26.392,0.11,0.34,20.016,9.7778,4.2039,145.09,1.3245,5.9355
0.00022115,0.44167,0.47786,26.51,0.11,0.34,20.205,9.9471,4.2415,146.5,1.3408,5.9826
0.00022736,0.43921,0.47616,26.629,0.11,0.34,20.396,10.104,4.2793,147.93,1.3593,6.0296
0.00023374,0.43674,0.4745,26.748,0.11,0.34,20.588,10.249,4.3175,149.37,1.3791,6.0766
0.0002403,0.43426,0.47288,26.867,0.11,0.33,20.782,10.477,4.3561,150.83,1.3982,6.1235
0.00024705,0.43177,0.47122,26.986,0.11,0.33,20.979,10.703,4.395,152.31,1.4167,6.1776
0.00025399,0.42926,0.46916,27.109,0.11,0.33,21.177,10.916,4.4342,153.8,1.4391,6.2323
0.00026112,0.42675,0.46715,27.236,0.11,0.33,21.378,11.117,4.4738,155.31,1.4613,6.2871
0.00026845,0.42422,0.46518,27.363,0.11,0.33,21.58,11.425,4.5138,156.83,1.4829,6.342
0.00027598,0.42169,0.46327,27.491,0.11,0.32,21.785,11.728,4.554,158.38,1.5086,6.397
0.00028373,0.41914,0.4614,27.619,0.11,0.32,21.991,12.019,4.5947,159.93,1.5342,6.452
0.0002917,0.41659,0.45937,27.747,0.11,0.32,22.2,12.299,4.6357,161.51,1.5624,6.507
0.00029988,0.41402,0.45701,27.875,0.11,0.31,22.411,12.567,4.6771,163.1,1.5923,6.562
0.0003083,0.41145,0.45471,28.004,0.11,0.31,22.624,12.945,4.7188,164.71,1.6274,6.6169
0.00031696,0.40887,0.45245,28.133,0.11,0.31,22.839,13.339,4.7609,166.34,1.6695,6.6718
0.00032586,0.40628,0.45025,28.262,0.11,0.3,23.056,13.723,4.8033,167.98,1.7279,6.7266
0.000335,0.40368,0.4481,28.391,0.11,0.3,23.276,14.096,4.8489,169.65,1.8002,6.7877
0.00034441,0.40107,0.4458,28.521,0.11,0.29,23.497,14.459,4.8953,171.33,1.8795,6.8525
0.00035408,0.39846,0.44311,28.651,0.11,0.28,23.721,14.811,4.9422,173.03,1.9654,6.9175
0.00036402,0.39584,0.44047,28.781,0.1,0.27,23.947,15.171,4.9895,174.75,2.0526,6.9827
0.00037424,0.39321,0.43788,28.911,0.1,0.26,24.176,15.675,5.0373,176.49,2.1495,7.0479
0.00038474,0.39058,0.43535,29.044,0.1,0.25,24.406,16.171,5.0856,178.25,2.2457,7.1133
0.00039554,0.38794,0.43287,29.183,0.1,0.24,24.639,16.658,5.1345,180.02,2.341,7.1787
0.00040665,0.3853,0.43045,29.321,0.1,0.24,24.875,17.136,5.1838,181.82,2.4457,7.2441
0.00041806,0.38266,0.42755,29.46,0.1,0.24,25.112,17.604,5.2336,183.63,2.5538,7.3095
0.0004298,0.38001,0.42451,29.6,0.1,0.23,25.352,18.063,5.2839,185.47,2.6612,7.3749
0.00044187,0.37736,0.42153,29.739,0.1,0.23,25.595,18.511,5.3347,187.33,2.7678,7.4402
0.00045427,0.37471,0.41861,29.879,0.1,0.23,25.84,18.948,5.3861,189.2,2.8736,7.5054
0.00046702,0.37206,0.41575,30.019,0.1,0.22,26.087,19.444,5.4379,191.1,2.9884,7.5724
0.00048013,0.36924,0.41295,30.159,0.1,0.22,26.337,20.07,5.4903,193.02,3.1091,7.6511
0.00049361,0.36624,0.41021,30.3,0.1,0.22,26.59,20.69,5.5433,194.96,3.2294,7.73
0.00050747,0.36323,0.40725,30.441,0.1,0.22,26.844,21.302,5.5967,196.92,3.349,7.8092
0.00052172,0.36021,0.40381,30.582,0.1,0.22,27.102,21.907,5.6508,198.9,3.468,7.8886
0.00053636,0.35717,0.40042,30.724,0.1,0.21,27.362,22.504,5.7053,200.91,3.5864,7.9681
0.00055142,0.35413,0.39709,30.865,0.1,0.21,27.624,23.093,5.7604,202.93,3.704,8.0478
0.0005669,0.35107,0.39383,31.007,0.1,0.21,27.889,23.673,5.8161,205.04,3.8276,8.1276
0.00058282,0.34801,0.39062,31.153,0.1,0.21,28.157,24.244,5.8724,208.14,3.9633,8.2075
0.00059918,0.34493,0.38749,31.303,0.1,0.21,28.428,24.805,5.9292,211.3,4.0987,8.2873
0.000616,0.34185,0.38442,31.454,0.1,0.21,28.701,25.356,5.9866,214.51,4.2336,8.367
0.00063329,0.33876,0.38141,31.605,0.1,0.2,28.977,25.896,6.0445,217.77,4.3682,8.4467
0.00065107,0.33566,0.37779,31.756,0.1,0.2,29.255,26.643,6.1031,221.08,4.5022,8.5261
0.00066935,0.33256,0.37396,31.907,0.1,0.32,29.537,27.423,6.1622,224.44,4.6356,8.6053
0.00068814,0.32945,0.37018,32.059,0.1,0.32,29.821,28.198,6.222,227.86,4.7684,8.6904
0.00070746,0.32633,0.36648,32.211,0.1,0.32,30.108,28.967,6.2823,231.33,4.9006,8.7894
0.00072732,0.32321,0.36284,32.363,0.09,0.32,30.397,29.732,6.3433,234.85,5.0319,8.8889
0.00074773,0.32009,0.35928,32.516,0.09,0.33,30.69,30.49,6.4048,238.44,5.1763,8.9888
0.00076873,0.31697,0.35578,32.669,0.09,0.33,30.985,31.241,6.467,242.08,5.3313,9.089
0.00079031,0.31385,0.35236,32.822,0.09,0.33,31.284,31.985,6.5298,245.77,5.4861,9.1894
0.00081249,0.31073,0.34902,32.976,0.09,0.33,31.585,32.722,6.5933,249.53,5.6408,9.2901
0.0008353,0.30761,0.34575,33.129,0.09,0.33,31.889,33.451,6.6574,253.34,5.7952,9.391
0.00085875,0.30449,0.34195,33.283,0.09,0.33,32.196,34.171,6.7221,257.22,5.9494,9.4919
0.00088286,0.30138,0.33768,33.444,0.09,0.33,32.506,34.882,6.7875,261.16,6.1032,9.5927
0.00090764,0.29828,0.33347,33.606,0.09,0.33,32.82,35.583,6.8535,265.15,6.2564,9.6935
0.00093313,0.29519,0.32933,33.769,0.15,0.33,33.136,36.275,6.9348,269.21,6.4091,9.794
0.00095932,0.29211,0.32527,33.932,0.15,0.33,33.455,36.955,7.0316,273.34,6.5612,9.8943
0.00098625,0.28904,0.32129,34.095,0.15,0.33,33.778,37.932,7.1288,277.53,6.7124,9.9941
0.0010139,0.28599,0.31739,34.259,0.15,0.33,34.103,38.923,7.2265,281.78,6.8628,10.093
0.0010424,0.28295,0.31357,34.423,0.15,0.33,34.432,39.913,7.3246,286.11,7.0121,10.193
0.0010717,0.27993,0.30984,34.587,0.15,0.33,34.764,40.899,7.4344,290.49,7.1923,10.324
0.0011018,0.27694,0.30619,34.752,0.15,0.33,35.099,41.882,7.5602,294.95,7.3762,10.456
0.0011327,0.27328,0.30264,34.917,0.15,0.33,35.437,42.861,7.6874,299.48,7.5603,10.588
0.0011645,0.26957,0.29918,35.082,0.15,0.33,35.779,43.836,7.816,304.08,7.7447,10.721
0.0011972,0.26585,0.29523,35.248,0.15,0.33,36.123,44.806,7.946,308.74,7.9292,10.855
0.0012308,0.26212,0.29049,35.413,0.15,0.33,36.471,45.771,8.0773,313.48,8.1138,10.989
0.0012653,0.25839,0.28583,35.58,0.15,0.33,36.823,46.73,8.2101,318.29,8.2982,11.123
0.0013009,0.25465,0.28125,35.748,0.15,0.33,37.178,47.683,8.3442,323.18,8.4823,11.258
0.0013374,0.25092,0.27675,35.922,0.15,0.33,37.536,48.628,8.4796,328.14,8.666,11.392
0.0013749,0.24718,0.27235,36.097,0.15,0.38,37.897,49.566,8.6163,333.18,8.8491,11.526
0.0014135,0.24344,0.26803,36.272,0.15,0.38,38.262,50.496,8.7544,338.29,9.0314,11.66
0.0014532,0.23971,0.26382,36.447,0.15,0.38,38.631,51.417,8.8937,343.48,9.2128,11.794
0.001494,0.23599,0.2597,36.623,0.15,0.38,39.003,52.328,9.0342,348.75,9.393,11.926
0.0015359,0.23228,0.25569,36.799,0.15,0.38,39.378,53.229,9.176,354.1,9.5717,12.058
0.0015791,0.22858,0.25179,36.975,0.15,0.39,39.757,54.119,9.3189,359.53,9.7488,12.189
0.0016234,0.22489,0.248,37.152,0.15,0.39,40.139,54.998,9.463,365.05,9.9401,12.317
0.001669,0.22123,0.24433,37.329,0.15,0.44,40.525,56.23,9.6083,370.64,10.175,12.462
0.0017158,0.21759,0.24078,37.507,0.15,0.45,40.915,57.532,9.7546,376.32,10.41,12.65
0.001764,0.21398,0.2373,37.685,0.15,0.45,41.308,58.835,9.902,382.08,10.648,12.84
0.0018135,0.2104,0.23202,37.863,0.15,0.45,41.705,60.137,10.05,387.93,10.886,13.032
0.0018644,0.20686,0.22683,38.041,0.15,0.45,42.106,61.44,10.2,393.86,11.126,13.225
0.0019167,0.20336,0.22174,38.22,0.15,0.45,42.51,62.742,10.35,399.88,11.366,13.42
0.0019706,0.19991,0.21674,38.404,0.15,0.45,42.918,64.043,10.501,405.99,11.607,13.616
0.0020259,0.19652,0.21185,38.591,0.15,0.51,43.33,65.341,10.653,412.19,11.849,13.812
0.0020828,0.19319,0.20708,38.778,0.15,0.51,43.745,66.638,10.806,418.48,12.09,14.009
0.0021412,0.18993,0.20242,38.965,0.15,0.52,44.165,67.931,10.959,424.86,12.33,14.206
0.0022013,0.18675,0.19788,39.153,0.21,0.52,44.588,69.22,11.113,431.33,12.57,14.402
0.0022631,0.18366,0.19348,39.341,0.21,0.52,45.015,70.505,11.268,437.89,12.808,14.597
0.0023267,0.18066,0.18922,39.53,0.21,0.52,45.445,71.786,11.423,444.55,13.044,14.791
0.002392,0.17631,0.18511,39.719,0.21,0.58,45.88,73.06,11.578,451.3,13.278,14.982
0.0024591,0.1717,0.18116,39.908,0.21,0.58,46.318,74.327,11.734,458.14,13.508,15.171
0.0025282,0.16709,0.17738,40.098,0.21,0.58,46.761,75.588,11.89,465.08,13.734,15.356
0.0025991,0.16248,0.17377,40.288,0.21,0.58,47.207,76.84,12.083,472.12,13.955,15.537
0.0026721,0.15788,0.17034,40.479,0.28,0.65,47.658,78.083,12.293,479.26,14.17,15.712
0.0027471,0.1533,0.16712,40.67,0.28,0.65,48.112,79.316,12.505,486.49,14.506,15.881
0.0028242,0.14874,0.16342,40.861,0.28,0.65,48.57,80.539,12.72,493.83,14.862,16.194
0.0029035,0.1442,0.1575,41.053,0.28,0.71,49.032,81.75,12.937,501.26,15.225,16.516
0.002985,0.1397,0.15168,41.252,0.28,0.71,49.499,82.948,13.156,508.79,15.594,16.845
0.0030688,0.13525,0.14598,41.45,0.28,0.72,49.969,84.132,13.377,516.43,15.969,17.181
0.003155,0.13085,0.14039,41.649,0.28,0.78,50.444,85.301,13.6,524.16,16.35,17.523
0.0032436,0.12653,0.13494,41.849,0.28,0.78,50.922,86.995,13.826,532,16.736,17.87
0.0033346,0.12229,0.12964,42.049,0.34,0.84,51.405,88.788,14.054,539.94,17.126,18.222
0.0034282,0.11816,0.12451,42.249,0.34,0.85,51.891,90.586,14.283,547.98,17.519,18.578
0.0035245,0.11415,0.11956,42.45,0.34,0.91,52.382,92.388,14.515,556.13,17.914,18.935
0.0036234,0.11029,0.11481,42.652,0.34,0.91,52.877,94.195,14.749,565.07,18.307,19.292
0.0037251,0.1066,0.1103,42.854,0.41,0.98,53.376,96.005,14.985,574.63,18.698,19.647
0.0038297,0.10311,0.10603,43.056,0.41,0.98,53.879,97.818,15.222,584.36,19.081,19.995
0.0039372,0.099856,0.10206,43.259,0.41,1.04,54.387,99.632,15.461,594.26,19.455,20.334
0.0040478,0.09687,0.098398,43.462,0.41,1.11,54.898,101.45,15.702,604.32,19.814,20.658
0.0041614,0.094191,0.095087,43.665,0.47,1.17,55.414,103.26,15.944,614.56,20.152,20.963
0.0042782,0.091859,0.092158,43.869,0.47,1.17,55.934,105.08,16.188,624.96,20.466,21.243
0.0043983,0.089913,0.089645,44.076,0.54,1.24,56.458,106.89,16.434,635.55,20.747,21.491
0.0045218,0.088396,0.087582,44.286,0.54,1.3,56.987,108.71,16.681,646.31,20.99,21.702
0.0046487,0.085317,0.085996,44.497,0.6,1.43,57.519,110.51,16.928,657.25,21.19,21.87
0.0047792,0.079307,0.08491,44.708,0.61,1.57,58.056,112.32,17.178,668.38,21.586,22.035
0.0049134,0.073252,0.078268,44.919,0.67,1.63,58.597,114.12,17.428,679.69,22.372,22.788
0.0050513,0.067154,0.071302,45.131,0.73,1.69,59.142,115.91,17.679,691.19,23.222,23.607
0.0051931,0.061019,0.064381,45.344,0.74,1.69,59.692,117.7,17.931,702.88,24.15,24.504
0.0053389,0.054856,0.057512,45.557,0.8,1.68,60.246,119.47,18.183,714.76,25.171,25.494
0.0054888,0.048677,0.050711,45.771,0.8,1.68,60.803,121.24,18.436,726.85,26.305,26.597
0.0056429,0.042506,0.044,45.985,0.86,1.67,61.365,123,18.689,739.13,27.578,27.842
0.0058013,0.036377,0.037415,46.199,0.93,1.8,61.934,124.74,18.943,757.53,29.027,29.261
0.0059642,0.030361,0.031027,46.414,0.99,1.93,62.59,126.47,19.196,776.86,30.694,30.899
0.0061316,0.024592,0.02497,46.63,1.25,2,63.253,128.19,19.449,796.48,32.62,32.798
0.0063038,0.019364,0.019534,46.846,1.78,2,63.923,129.88,19.702,816.38,34.793,34.943
0.0064807,0.015332,0.015366,47.062,1.99,2,64.6,131.56,19.955,836.55,36.918,37.041
0.0066627,0.013709,0.013651,47.282,1.98,1.99,65.285,133.22,20.207,856.99,37.986,38.083
0.0068497,0.015379,0.015213,47.503,1.97,1.98,65.977,134.86,20.492,877.68,37.085,37.155
0.007042,0.01959,0.019252,47.726,0.05,1.97,66.676,139.02,20.855,898.62,35.08,35.125
0.0072397,0.025156,0.024559,47.948,0,1.95,77.629,181.79,25.337,1158.2,33.005,33.025
0.0074429,0.031413,0.030465,48.171,0,0,146.13,236.51,32.925,1563.3,31.173,31.168
0.0076519,0.038065,0.036671,48.395,0,0,220.92,320.16,43.981,2071,29.602,29.573
0.0078667,0.044974,0.043038,48.619,2,2,338.18,417.53,57.586,2758.2,28.251,28.199
0.0080875,0.052071,0.049496,48.844,2,2,482.19,554.11,76.564,3716.2,27.076,27.001
0.0083146,0.059318,0.056007,49.07,2,2,663.18,734.57,101.93,4819.3,26.042,25.944
0.008548,0.065449,0.062546,49.296,2,2,933.63,943.02,137.81,6937.5,25.122,25.002
0.008788,0.064115,0.066061,49.522,1.99,2,1250.6,1271.3,179.5,9269.4,25.002,24.597
0.0090347,0.063498,0.064985,49.749,1.98,1.98,1697.7,1646.3,242.36,12537,25.184,24.757
0.0092883,0.063641,0.064692,49.977,1.97,1.97,2293.4,2166,321.28,16348,25.263,24.815
0.009549,0.064564,0.065185,50.205,0,0,2968.6,3197.4,426.11,22200,25.235,24.767
0.0098171,0.066258,0.06644,50.434,0,0,4059.7,4627.3,625.12,29498,25.109,24.62
0.010093,0.06869,0.068408,50.665,0,0,5331.8,6047.3,828.42,38541,24.894,24.386
0.010376,0.071807,0.071023,50.898,2,2,6995.6,8185.1,1114.1,52207,24.607,24.08
0.010667,0.075549,0.07421,51.131,2,2,9339.2,10687,1445,68002,24.264,23.719
0.010967,0.079849,0.077892,51.365,2,2,11960,14150,1942.1,92674,23.882,23.319
0.011275,0.084645,0.081997,51.6,2,2,16018,18866,2571.5,1.3832e+05,23.474,22.893
0.011591,0.089877,0.08646,51.835,1.99,1.99,20866,24223,3312.5,1.8591e+05,23.052,22.454
0.011917,0.095494,0.091221,52.071,1.98,1.98,26957,32588,4480.3,2.4826e+05,22.624,22.01
0.012251,0.10145,0.096232,52.307,1.97,1.97,39344,42709,5827.8,3.1937e+05,22.198,21.568
0.012595,0.10771,0.10145,52.544,0,0,63104,55109,8515.1,4.3599e+05,21.777,21.131
0.012949,0.11425,0.10684,52.782,0,0,89659,73768,12310,5.7223e+05,21.365,20.704
0.013312,0.12102,0.11238,53.02,2,2,1.1492e+05,94828,15962,7.4951e+05,20.964,20.288
0.013686,0.12803,0.11803,53.259,2,2,1.5556e+05,1.249e+05,21562,1.005e+06,20.575,19.884
0.01407,0.13523,0.12379,53.499,2,2,2.0397e+05,1.6388e+05,28041,1.2936e+06,20.199,19.494
0.014465,0.14263,0.12962,53.739,2,2,2.632e+05,2.0735e+05,36862,1.9832e+06,19.836,19.118
0.014871,0.15021,0.13553,53.98,2,2,3.5334e+05,2.7792e+05,49054,2.8826e+06,19.486,18.755
0.015289,0.15398,0.14148,54.222,1.99,1.99,4.5599e+05,3.5663e+05,62747,3.7492e+06,19.149,18.405
0.015718,0.15686,0.14749,54.466,1.97,1.97,5.9784e+05,5.0187e+05,83862,5.0638e+06,18.825,18.068
0.016159,0.1601,0.15353,54.71,0,0,7.8953e+05,8.7659e+05,1.1813e+05,6.5733e+06,18.641,17.744
0.016613,0.16368,0.1596,54.956,0,0,1.0008e+06,1.3199e+06,1.8187e+05,8.6849e+06,18.549,17.458
0.017079,0.1676,0.16249,55.201,0,0,1.3369e+06,1.7644e+06,2.4814e+05,1.1543e+07,18.444,17.343
0.017559,0.17184,0.16538,55.448,2,2,1.7334e+06,2.3217e+06,3.235e+05,1.4723e+07,18.327,17.217
0.018051,0.17639,0.16852,55.695,2,2,2.2144e+06,2.9416e+06,4.188e+05,1.9815e+07,18.201,17.081
0.018558,0.18124,0.17188,55.943,2,2,2.9395e+06,3.9756e+06,5.6032e+05,2.951e+07,18.065,16.937
0.019079,0.18639,0.17545,56.192,2,2,3.7335e+06,5.1602e+06,7.2014e+05,4.5096e+07,17.923,16.786
0.019615,0.19182,0.17922,56.442,1.99,1.99,4.8824e+06,6.6278e+06,9.4546e+05,6.0983e+07,17.775,16.629
0.020166,0.19751,0.18316,56.692,1.98,1.98,7.1882e+06,8.8308e+06,1.2465e+06,8.0062e+07,17.621,16.468
0.020732,0.20347,0.18727,56.943,0,0,1.3118e+07,1.1285e+07,1.778e+06,1.026e+08,17.465,16.304
0.021314,0.20967,0.19153,57.194,0,0,2.0226e+07,1.4734e+07,2.8135e+06,1.3842e+08,17.305,16.137
0.021912,0.21612,0.19593,57.446,0,0,2.7396e+07,1.9317e+07,3.8996e+06,1.7905e+08,17.143,15.969
0.022527,0.2228,0.20045,57.699,2,2,3.5592e+07,2.4251e+07,5.0136e+06,2.3307e+08,16.98,15.8
0.02316,0.2297,0.20509,57.953,2,2,4.5455e+07,3.2279e+07,6.5584e+06,3.0962e+08,16.817,15.63
0.02381,0.23682,0.20983,58.208,2,2,6.0796e+07,4.1558e+07,8.6735e+06,4.8181e+08,16.653,15.461
0.024478,0.24415,0.21467,58.464,2,2,7.8019e+07,5.2646e+07,1.1009e+07,7.4346e+08,16.49,15.293
0.025165,0.25137,0.21959,58.721,1.99,1.99,1.008e+08,6.9596e+07,1.4574e+07,1.0053e+09,16.328,15.126
0.025872,0.25506,0.22459,58.979,1.97,1.97,1.3312e+08,1.2228e+08,1.9023e+07,1.3135e+09,16.167,14.96
0.026598,0.25902,0.22966,59.237,0,0,1.6843e+08,2.1809e+08,3.0026e+07,1.6723e+09,16.008,14.796
0.027345,0.26323,0.23479,59.496,0,0,2.2078e+08,3.2885e+08,4.6529e+07,2.2523e+09,15.85,14.634
0.028112,0.26769,0.23998,59.756,0,0,2.8736e+08,4.3235e+08,6.2757e+07,2.9051e+09,15.695,14.475
0.028902,0.27241,0.24521,60.017,2,2,3.5777e+08,5.6815e+08,8.1514e+07,3.7472e+09,15.541,14.317
0.029713,0.27737,0.25049,60.278,2,2,4.7715e+08,7.1672e+08,1.0296e+08,5.0158e+09,15.465,14.163
0.030547,0.28257,0.25581,60.54,2,2,6.1089e+08,9.4913e+08,1.3814e+08,8.751e+09,15.406,14.011
0.031405,0.28802,0.26117,60.803,2,2,7.7069e+08,1.2348e+09,1.7755e+08,1.2973e+10,15.343,13.861
0.032286,0.29371,0.26655,61.067,1.98,1.98,1.1687e+09,1.5396e+09,2.263e+08,1.6711e+10,15.276,13.715
0.033193,0.29963,0.2716,61.332,0,0,2.4057e+09,2.0596e+09,3.286e+08,2.2325e+10,15.205,13.64
0.034124,0.30578,0.27497,61.597,0,0,3.942e+09,2.6481e+09,5.57e+08,2.8573e+10,15.131,13.567
0.035082,0.31217,0.27846,61.863,0,0,5.5267e+09,3.3224e+09,8.0273e+08,3.7104e+10,15.055,13.491
0.036067,0.31877,0.28207,62.13,2,2,6.9993e+09,4.4148e+09,1.0044e+09,4.9067e+10,14.976,13.413
0.03708,0.3256,0.28579,62.398,2,2,9.1323e+09,5.5998e+09,1.3477e+09,6.2071e+10,14.896,13.334
0.038121,0.33265,0.28962,62.667,2,2,1.1968e+10,7.1298e+09,1.7436e+09,1.0763e+11,14.813,13.253
0.039191,0.33991,0.29353,62.937,2,2,1.5029e+10,9.3408e+09,2.1736e+09,1.6937e+11,14.729,13.17
0.040291,0.34739,0.29755,63.208,1.99,1.99,1.9705e+10,1.2934e+10,2.9164e+09,2.2847e+11,14.644,13.087
0.041422,0.35183,0.30164,63.48,0,0,2.5607e+10,2.9215e+10,3.9927e+09,2.9681e+11,14.557,13.002
0.042585,0.35616,0.30581,63.753,0,0,3.1836e+10,4.9975e+10,7.1e+09,3.7085e+11,14.47,12.917
0.043781,0.3607,0.31006,64.026,0,0,4.2067e+10,7.1852e+10,1.0516e+10,5.0033e+11,14.382,12.832
0.04501,0.36547,0.31438,64.301,2,2,5.4119e+10,8.9674e+10,1.3278e+10,6.4491e+11,14.294,12.747
0.046273,0.37047,0.31876,64.576,2,2,6.6495e+10,1.1905e+11,1.7721e+10,8.0973e+11,14.206,12.661
0.047572,0.37568,0.32319,64.852,2,2,8.8816e+10,1.5414e+11,2.2644e+10,1.4636e+12,14.117,12.575
0.048908,0.38112,0.32768,65.128,2,2,1.1291e+11,1.912e+11,2.8547e+10,2.336e+12,14.029,12.49
0.050281,0.38678,0.33223,65.406,1.99,1.99,1.835e+11,2.5389e+11,3.7932e+10,3.1561e+12,13.94,12.405
0.051692,0.39266,0.33681,65.684,0,0,4.0758e+11,3.2683e+11,5.6517e+10,4.0868e+12,13.852,12.32
0.053144,0.39876,0.34144,65.963,0,0,6.8685e+11,4.0236e+11,9.8998e+10,5.0695e+12,13.806,12.236
0.054636,0.40509,0.34611,66.243,0,0,9.6586e+11,5.3597e+11,1.4359e+11,6.8385e+12,13.774,12.153
0.056169,0.41163,0.3508,66.524,2,2,1.2166e+12,6.8489e+11,1.7854e+11,8.8122e+12,13.739,12.07
0.057746,0.41839,0.35554,66.806,2,2,1.564e+12,8.4099e+11,2.3693e+11,1.1769e+13,13.703,11.988
0.059367,0.42537,0.36029,67.09,2,2,2.053e+12,1.1198e+12,3.0664e+11,2.2313e+13,13.664,11.906
0.061034,0.43257,0.36508,67.375,2,2,2.5786e+12,1.418e+12,3.8003e+11,3.4176e+13,13.624,11.826
0.062747,0.43971,0.36988,67.661,1.98,1.98,3.2954e+12,3.2477e+12,5.0155e+11,4.3818e+13,13.581,11.753
0.064509,0.444,0.37471,67.948,0,0,4.3164e+12,6.4217e+12,9.1492e+11,5.8111e+13,13.537,11.717
0.06632,0.44849,0.37955,68.235,0,0,5.399e+12,1.0042e+13,1.4817e+12,7.3711e+13,13.492,11.679
0.068182,0.4532,0.38335,68.524,0,0,6.8799e+12,1.3044e+13,1.9892e+12,9.3681e+13,13.445,11.641
0.070096,0.4581,0.38679,68.813,2,2,8.9785e+12,1.7039e+13,2.5621e+12,1.2417e+14,13.397,11.601
0.072064,0.46322,0.3903,69.103,2,2,1.1167e+13,2.1315e+13,3.1626e+12,2.1675e+14,13.348,11.56
0.074087,0.46855,0.39388,69.394,2,2,1.4234e+13,2.7299e+13,4.1883e+12,3.6594e+14,13.298,11.519
0.076166,0.47409,0.39752,69.686,1.98,1.98,2.7822e+13,3.5727e+13,5.4012e+12,5.0714e+14,13.247,11.477
0.078305,0.47984,0.40122,69.979,0,0,6.3224e+13,4.4677e+13,8.9579e+12,6.4667e+14,13.195,11.433
0.080503,0.4858,0.40498,70.272,0,0,1.0624e+14,5.6577e+13,1.5667e+13,8.0564e+14,13.143,11.39
0.082763,0.49198,0.40879,70.567,0,0,1.4552e+14,7.4096e+13,2.2194e+13,1.0785e+15,13.09,11.346
0.085086,0.49837,0.41265,70.862,2,2,1.8514e+14,9.251e+13,2.7856e+13,1.3774e+15,13.037,11.301
0.087475,0.50498,0.41656,71.158,2,2,2.2613e+14,1.1618e+14,3.5283e+13,2.301e+15,12.983,11.256
0.089931,0.51181,0.4205,71.455,2,2,3.0291e+14,1.5206e+14,4.6515e+13,4.1054e+15,12.929,11.211
0.092455,0.51885,0.42449,71.756,1.99,1.99,3.8706e+14,2.8745e+14,5.8603e+13,5.8822e+15,12.895,11.166
0.095051,0.52468,0.42852,72.057,0,0,4.7308e+14,6.9305e+14,9.8698e+13,7.3837e+15,12.881,11.12
0.097719,0.52899,0.43258,72.36,0,0,6.2333e+14,1.1904e+15,1.7681e+14,9.4181e+15,12.866,11.074
0.10046,0.53349,0.43667,72.664,0,0,7.9928e+14,1.6399e+15,2.5218e+14,1.2439e+16,12.848,11.029
0.10328,0.53819,0.44079,72.968,2,2,9.7806e+14,2.0794e+15,3.1544e+14,1.5688e+16,12.829,10.983
0.10618,0.54308,0.44494,73.273,2,2,1.2692e+15,2.5275e+15,3.9736e+14,2.7926e+16,12.809,10.938
0.10916,0.54817,0.44911,73.58,2,2,1.6314e+15,3.3816e+15,5.2419e+14,4.9547e+16,12.787,10.892
0.11223,0.55346,0.4533,73.887,1.98,1.98,3.7832e+15,4.3225e+15,6.6054e+14,6.9746e+16,12.763,10.847
0.11538,0.55896,0.45752,74.195,0,0,8.6025e+15,5.2839e+15,1.2466e+15,8.8218e+16,12.739,10.802
0.11862,0.56466,0.46174,74.504,0,0,1.421e+16,6.8826e+15,2.1432e+15,1.0887e+17,12.713,10.78
0.12195,0.57056,0.46599,74.814,0,0,1.8617e+16,8.8638e+15,2.9122e+15,1.4576e+17,12.686,10.767
0.12537,0.57668,0.47024,75.124,2,2,2.4114e+16,1.0888e+16,3.7181e+15,1.8603e+17,12.658,10.752
0.12889,0.583,0.47451,75.436,2,2,2.9905e+16,1.3843e+16,4.5496e+15,3.8437e+17,12.63,10.736
0.13251,0.58954,0.47879,75.748,2,2,3.7612e+16,1.7949e+16,5.9414e+15,6.3542e+17,12.6,10.719
0.13623,0.59629,0.48299,76.061,0,0,4.9393e+16,5.9211e+16,8.34e+15,8.2647e+17,12.569,10.702
0.14005,0.60071,0.48616,76.376,0,0,6.1887e+16,1.1678e+17,1.7373e+16,1.0813e+18,12.538,10.683
0.14398,0.60488,0.48937,76.691,0,0,7.482e+16,1.7458e+17,2.6952e+16,1.3531e+18,12.506,10.664
0.14803,0.60924,0.49263,77.013,2,2,9.9656e+16,2.1402e+17,3.2612e+16,1.6814e+18,12.474,10.645
0.15218,0.61377,0.49593,77.335,2,2,1.261e+17,2.7581e+17,4.365e+16,2.9639e+18,12.441,10.624
0.15645,0.6185,0.49928,77.657,2,2,1.5215e+17,3.5866e+17,5.5924e+16,5.6466e+18,12.41,10.603
0.16085,0.62341,0.50266,77.981,1.98,1.98,4.1814e+17,4.4585e+17,6.8581e+16,8.1828e+18,12.409,10.582
0.16536,0.62851,0.50608,78.306,0,0,9.7738e+17,5.4585e+17,1.4415e+17,1.023e+19,12.406,10.56
0.17,0.63381,0.50953,78.631,0,0,1.6062e+18,7.2311e+17,2.4667e+17,1.2645e+19,12.402,10.538
0.17478,0.6393,0.51301,78.958,0,0,2.0224e+18,9.1155e+17,3.2311e+17,1.6861e+19,12.396,10.515
0.17968,0.645,0.51652,79.285,2,2,2.659e+18,1.0971e+18,4.1839e+17,2.4488e+19,12.39,10.492
0.18473,0.65089,0.52005,79.614,2,2,3.3416e+18,1.4329e+18,5.1874e+17,5.2009e+19,12.381,10.468
0.18991,0.65699,0.52362,79.943,1.99,1.99,4.0236e+18,3.3415e+18,6.3662e+17,8.0351e+19,12.372,10.445
0.19525,0.66292,0.5272,80.273,0,0,5.3028e+18,8.7975e+18,1.296e+18,9.8096e+19,12.361,10.421
0.20073,0.66665,0.5308,80.604,0,0,6.7959e+18,1.5204e+19,2.3384e+18,1.2792e+20,12.349,10.397
0.20636,0.67055,0.53443,80.936,0,0,8.3156e+18,1.9758e+19,3.1608e+18,1.6655e+20,12.337,10.373
0.21216,0.67462,0.53806,81.269,2,2,1.0342e+19,2.562e+19,4.0398e+18,2.3266e+20,12.323,10.373
0.21811,0.67886,0.54172,81.602,2,2,1.3534e+19,3.18e+19,4.949e+18,5.1576e+20,12.308,10.374
0.22423,0.68327,0.54539,81.937,1.99,1.99,3.3075e+19,3.819e+19,6.1991e+18,8.0844e+20,12.292,10.374
0.23053,0.68786,0.54906,82.275,0,0,8.7868e+19,5.0976e+19,1.3055e+19,9.8328e+20,12.276,10.374
0.237,0.69263,0.55275,82.619,0,0,1.5094e+20,6.473e+19,2.3406e+19,1.2806e+21,12.259,10.372
0.24365,0.69758,0.55645,82.964,0,0,1.9124e+20,7.8531e+19,3.0892e+19,1.6674e+21,12.24,10.37
0.25049,0.70272,0.56015,83.31,2,2,2.5035e+20,9.8707e+19,3.9843e+19,2.6159e+21,12.222,10.366
0.25753,0.70805,0.56386,83.657,2,2,3.1338e+20,1.2849e+20,4.9222e+19,5.5562e+21,12.202,10.362
0.26476,0.71356,0.56757,84.005,0,0,3.7602e+20,4.0526e+20,5.9198e+19,8.3461e+21,12.195,10.357
0.27219,0.71891,0.57128,84.353,0,0,4.8924e+20,9.6843e+20,1.4638e+20,1.0321e+22,12.202,10.352
0.27983,0.72227,0.57442,84.703,0,0,6.3002e+20,1.5548e+21,2.4471e+20,1.2593e+22,12.208,10.346
0.28769,0.72578,0.57726,85.053,2,2,7.7417e+20,1.868e+21,2.9459e+20,1.6824e+22,12.212,10.339
0.29576,0.72945,0.58013,85.405,2,2,9.237e+20,2.4308e+21,3.9362e+20,3.3499e+22,12.215,10.332
0.30406,0.73326,0.58303,85.757,2,2,1.279e+21,3.1419e+21,5.0153e+20,6.3398e+22,12.217,10.324
0.3126,0.73724,0.58597,86.11,0,0,5.6087e+21,3.8836e+21,8.2294e+20,8.5451e+22,12.218,10.315
0.32138,0.74139,0.58892,86.464,0,0,1.1286e+22,4.5994e+21,1.7454e+21,1.0999e+23,12.217,10.306
0.3304,0.74569,0.59191,86.819,0,0,1.5872e+22,6.1032e+21,2.5542e+21,1.3563e+23,12.216,10.297
0.33967,0.75017,0.59492,87.175,2,2,1.9981e+22,7.7827e+21,3.1747e+21,1.8494e+23,12.213,10.287
0.34921,0.75482,0.59794,87.531,2,2,2.4143e+22,9.4663e+21,3.7901e+21,4.5231e+23,12.209,10.277
0.35901,0.75964,0.60099,87.889,0,0,3.0198e+22,3.0577e+22,4.9454e+21,7.2223e+23,12.205,10.277
0.36909,0.76465,0.60406,88.253,0,0,3.9549e+22,7.9125e+22,1.207e+22,8.7749e+23,12.199,10.289
0.37945,0.76812,0.60714,88.624,0,0,4.9385e+22,1.2931e+23,2.0555e+22,1.1022e+24,12.193,10.301
0.39011,0.77116,0.61024,88.995,2,2,5.8997e+22,1.5508e+23,2.4367e+22,1.4538e+24,12.186,10.311
0.40106,0.77433,0.61335,89.367,2,2,7.4712e+22,1.9796e+23,3.2446e+22,3.2239e+24,12.178,10.32
0.41232,0.77764,0.61647,89.74,1.99,1.99,1.6523e+23,2.5765e+23,4.1623e+22,5.8918e+24,12.169,10.329
0.42389,0.7811,0.6196,90.113,0,0,5.6664e+23,3.2043e+23,8.5566e+22,7.3573e+24,12.159,10.336
0.43579,0.7847,0.62274,90.488,0,0,1.038e+24,3.8189e+23,1.6401e+23,9.7374e+24,12.161,10.343
0.44803,0.78845,0.62589,90.864,0,0,1.2859e+24,4.8515e+23,2.123e+23,1.2307e+25,12.174,10.349
0.4606,0.79236,0.62904,91.24,2,2,1.6944e+24,6.2931e+23,2.7562e+23,2.4209e+25,12.187,10.354
0.47353,0.79641,0.6322,91.618,2,2,2.1327e+24,9.8666e+23,3.4257e+23,4.8739e+25,12.198,10.358
0.48683,0.80063,0.63536,91.996,0,0,2.5742e+24,4.3467e+24,6.537e+23,6.5265e+25,12.208,10.361
0.50049,0.80501,0.63853,92.375,0,0,3.111e+24,8.5356e+24,1.3477e+24,8.426e+25,12.216,10.364
0.51454,0.80788,0.64169,92.755,0,0,4.1189e+24,1.1059e+25,1.8225e+24,1.0423e+26,12.224,10.366
0.52899,0.81051,0.64486,93.136,2,2,5.182e+24,1.4342e+25,2.3313e+24,2.0019e+26,12.23,10.367
0.54384,0.81327,0.64803,93.518,2,2,7.7527e+24,1.7806e+25,2.8601e+24,4.2031e+26,12.236,10.368
0.55911,0.81615,0.6507,93.9,0,0,3.6894e+25,2.1222e+25,5.5729e+24,5.7116e+26,12.24,10.369
0.5748,0.81915,0.65315,94.283,0,0,7.3232e+25,2.6467e+25,1.1614e+25,7.3405e+26,12.244,10.368
0.59094,0.82229,0.65562,94.679,0,0,9.3628e+25,3.4627e+25,1.551e+25,9.0442e+26,12.246,10.37
0.60753,0.82556,0.65812,95.078,2,2,1.2198e+26,4.3127e+25,1.993e+25,1.8599e+27,12.248,10.39
0.62458,0.82897,0.66064,95.479,2,2,1.5207e+26,8.5238e+25,2.4554e+25,3.8067e+27,12.248,10.409
0.64212,0.83252,0.66317,95.88,0,0,1.8199e+26,3.478e+26,5.32e+25,4.9428e+27,12.248,10.428
0.66014,0.83621,0.66573,96.282,0,0,2.2017e+26,6.5394e+26,1.0468e+26,6.4517e+27,12.247,10.445
0.67868,0.83955,0.6683,96.685,0,0,2.9126e+26,7.7041e+26,1.2929e+26,8.0592e+27,12.245,10.461
0.69773,0.84174,0.67088,97.089,2,2,3.6608e+26,1.0323e+27,1.7055e+26,1.9111e+28,12.244,10.476
0.71732,0.84403,0.67348,97.494,1.99,1.99,1.1317e+27,1.3174e+27,2.1493e+26,3.5687e+28,12.263,10.49
0.73745,0.84643,0.67609,97.9,0,0,3.5414e+27,1.6107e+27,5.5141e+26,4.1941e+28,12.281,10.504
0.75816,0.84894,0.67871,98.306,0,0,5.926e+27,1.8902e+27,9.6213e+26,5.5804e+28,12.297,10.516
0.77944,0.85157,0.68134,98.713,2,2,7.1306e+27,2.4083e+27,1.1458e+27,7.2174e+28,12.313,10.528
0.80132,0.8543,0.68398,99.122,2,2,8.3148e+27,3.1238e+27,1.4015e+27,2.078e+29,12.327,10.539
0.82382,0.85716,0.68663,99.531,0,0,1.1166e+28,1.5603e+28,2.3376e+27,3.3302e+29,12.341,10.549
0.84695,0.86014,0.68928,99.94,0,0,1.4252e+28,3.7077e+28,5.8913e+27,4.085e+29,12.353,10.558
0.87072,0.86325,0.69194,100.35,0,0,1.7401e+28,5.1565e+28,8.5469e+27,4.823e+29,12.364,10.567
0.89517,0.86646,0.6946,100.76,2,2,2.0369e+28,6.5503e+28,1.0729e+28,1.0396e+30,12.375,10.575
0.9203,0.86828,0.69727,101.18,2,2,5.079e+28,7.9889e+28,1.2949e+28,2.2534e+30,12.384,10.582
0.94613,0.87019,0.69993,101.61,0,0,2.066e+29,9.3697e+28,3.2164e+28,2.8596e+30,12.392,10.589
0.97269,0.87219,0.7026,102.04,0,0,3.7364e+29,1.1765e+29,6.0739e+28,3.7638e+30,12.399,10.606
1,0.87428,0.70526,102.47,2,2,4.4264e+29,1.5372e+29,7.1267e+28,4.7355e+30,12.406,10.632
